Name,Age,Gender
Lesley Elfleet,1,Male
Frazier Kalderon,1,Male
Nickolai Stelli,1,Male
Jarib Poulter,1,Male
Caesar Bastian,1,Male
Clayson Searl,1,Male
Bogart Elston,1,Male
Kalil Kernley,1,Male
Valentin Gehrtz,1,Male
Emmett Joderli,1,Male
Adolpho Ingleston,1,Male
Yurik Grube,2,Male
Lamar Rousby,2,Male
Delmor McDirmid,2,Male
Drud Tidridge,2,Male
Gerek Edghinn,2,Male
Caz Paullin,2,Male
Ed Reinert,2,Male
Ambrosio Hebden,2,Male
Fax Bancroft,2,Male
Roosevelt Penni,3,Male
Werner Keighley,3,Male
Chadd Smedley,3,Male
Hodge Dessaur,3,Male
Wernher Hallifax,3,Male
Anselm Ganning,3,Male
Benjamen Matijasevic,4,Male
Tomaso Cesaric,4,Male
Correy Tulip,4,Male
Henry Chislett,4,Male
Pren Spinella,4,Male
Dar Jencey,4,Male
Daron Cotillard,4,Male
Ryon Mates,5,Male
Jocko Tomich,5,Male
Riordan Gribbell,5,Male
Johannes Bathow,5,Male
Leopold Hollingshead,5,Male
Yanaton Risso,6,Male
Clayson Joyner,6,Male
Titus Sansun,6,Male
Esdras Chisolm,6,Male
Winston Lenton,6,Male
Abelard MacGinley,6,Male
Payton Ough,7,Male
Jeremias Cribbin,7,Male
Garret Nourse,7,Male
Ignazio Brugh,7,Male
Reilly Minty,8,Male
Andras Tunney,8,Male
Vasilis Ebbrell,8,Male
Bern Cramond,8,Male
Maurice Grim,8,Male
Bennett Guenther,8,Male
Galvin Twyford,9,Male
Harwell Quinion,9,Male
Duff Hovey,9,Male
Jerad Ussher,9,Male
Elmer Ughetti,9,Male
Dylan Sargerson,9,Male
Arie Pawellek,9,Male
Lazar Siviour,10,Male
Brewer Woodger,10,Male
Padriac Ingry,11,Male
Sigfried Yitzhak,11,Male
Pancho Gaunter,11,Male
Jordan Hullins,12,Male
Lowell Mocher,12,Male
Fletcher Maile,13,Male
Oberon Aronsohn,13,Male
Gayle Pavlov,13,Male
Albert Lage,13,Male
Oby Reilly,13,Male
Saleem Restieaux,13,Male
Omero Yablsley,14,Male
Fergus Lelliott,14,Male
Parker Hearfield,14,Male
Roddy Beloe,15,Male
Francis Filisov,15,Male
Stewart Cracknell,15,Male
Norton Richings,16,Male
Cart Dymoke,16,Male
Aristotle Huntley,16,Male
Rodge Berrey,16,Male
Cly Lowensohn,16,Male
Oates Orford,16,Male
Gardy Hallock,16,Male
Leopold Quinnette,16,Male
Tibold Hurley,16,Male
Barthel Tittershill,16,Male
Briggs Focke,17,Male
Normie Scopes,17,Male
Si Garshore,17,Male
Bentlee Bilton,17,Male
Des Zelake,18,Male
Zed Grunguer,18,Male
Eddie Claworth,19,Male
Mattias Garnul,19,Male
Nichols Halse,19,Male
Scott Mustoo,20,Male
Artus MacVagh,20,Male
Adolph Caraher,20,Male
Gannie Vasiliev,20,Male
Beauregard Pirie,20,Male
Lenard Kliche,21,Male
Sawyer Bechley,21,Male
Alyosha Shillitto,21,Male
Dallon Sulter,21,Male
Hillery Dyne,21,Male
Horace Quinnelly,22,Male
Darin Yakobovicz,22,Male
Garek Arthan,23,Male
Urson Blune,23,Male
Reagen Buffin,24,Male
Sergio Jewel,24,Male
Gibby O'Hannay,24,Male
Tommie Munks,24,Male
Fletch Tatersale,24,Male
Lannie Sailer,24,Male
Syman Subhan,25,Male
Clifford Hay,26,Male
Tammie Moakson,26,Male
Mitchael Tesauro,26,Male
Consalve Cicetti,27,Male
Kaine Olufsen,27,Male
Benedikt Ilyinski,28,Male
Welbie Burren,28,Male
Salem Gergher,28,Male
Tom Simunek,28,Male
Wells Hazael,28,Male
Cooper Nucci,29,Male
Ely Angliss,29,Male
Hobart Schoenrock,29,Male
Lewie Tommei,30,Male
Jeramie Harmes,30,Male
Amery Bodycote,30,Male
Keven Cartin,30,Male
Sky Jackson,30,Male
Denny Elsmere,30,Male
Andrew Ballchin,30,Male
Theo Bartlosz,31,Male
Jamal Grigaut,32,Male
Silvester Tilbury,32,Male
Darrick Kelston,32,Male
Phip Clowney,32,Male
Geri Janatka,32,Male
Nicky Cleaver,32,Male
Jerri Stanaway,32,Male
Floyd Beggs,33,Male
Flem Beamson,33,Male
Hermy Wheeler,33,Male
Anson Backshall,33,Male
Bard Kroon,33,Male
Iggy O'Cahsedy,34,Male
Dall Keoghan,34,Male
Aubrey Hilbourne,34,Male
Mikol O'Harney,34,Male
Locke Sones,34,Male
Durward Rao,34,Male
Odey Poznan,34,Male
Darrell Le Provost,35,Male
Dewie McCory,35,Male
Xever Markham,35,Male
Elsworth Hatrick,35,Male
Balduin Melmeth,35,Male
Graeme Pooley,36,Male
Cord Daniellot,36,Male
Nial Kerton,36,Male
Alano Cockcroft,36,Male
Culley Gaylor,36,Male
Husein Ferrillio,36,Male
Robinet Lerwell,36,Male
Biron Wigsell,37,Male
Wilt Wheeliker,37,Male
Normy Ramlot,38,Male
Ashbey Gabel,38,Male
Derrik Tutchell,38,Male
Elliot Dickie,38,Male
Benson Lugden,38,Male
Brander Klee,38,Male
Jeramey Brager,39,Male
Nataniel Durtnall,39,Male
Sheridan Cawthry,39,Male
Torey Creer,39,Male
Mikel Zuann,39,Male
Kerr Gascard,39,Male
Charlie Darke,40,Male
Gifford Packham,40,Male
Marcos Munt,40,Male
Clem Arnaudi,40,Male
Orazio Whiles,41,Male
Leeland Bathow,41,Male
Wald Kasher,41,Male
Fleming Picker,41,Male
Darrin Carwithen,41,Male
Marion Ather,42,Male
Yorgos Chatters,42,Male
Bren Bogey,42,Male
Dallon Montes,42,Male
Hinze Boynton,42,Male
Gabie Pavel,42,Male
Adolf Allbones,42,Male
Brigg Stearley,43,Male
Teodoor Harrild,43,Male
Ambrosio Rivel,44,Male
Knox Josephov,44,Male
Wilbur Messenger,44,Male
Bryce Elsip,44,Male
Hirsch Cantrill,44,Male
Alick Piatto,44,Male
Tremain Learmouth,45,Male
Sebastiano Philippon,45,Male
Ev Fernan,45,Male
Bone Haburne,45,Male
Pace Rihanek,46,Male
Ephrem Melbourn,46,Male
Iago Kirmond,46,Male
Siffre Plascott,47,Male
Harrison Gainseford,47,Male
Clifford Clissett,47,Male
Randolph Lyes,48,Male
Bryce Krolman,48,Male
Barris Ropkes,48,Male
Yanaton Dyka,48,Male
Leonardo Temporal,48,Male
Fabiano Kelledy,48,Male
Osmond Minerdo,48,Male
Jamesy Klagges,48,Male
Milt Truin,49,Male
Waylan Lightwing,49,Male
Kelby Po,49,Male
Stavro Bridgewood,49,Male
Vincents Jorczyk,49,Male
Brenden Maxwell,49,Male
Mylo Senescall,49,Male
Ringo Wallbanks,49,Male
Hillel Armin,50,Male
Bale Fray,51,Male
Kane Harriagn,51,Male
Hussein Naton,51,Male
Bealle Prate,52,Male
Stan Codrington,52,Male
Elihu Veltmann,52,Male
Roderigo Keijser,53,Male
Travers Whyte,53,Male
Leonardo Rossiter,53,Male
Den Padmore,53,Male
Erskine Deveral,54,Male
Reinold Baudains,54,Male
Tiebold Melpuss,54,Male
Kincaid Agirre,54,Male
Duke Sissens,55,Male
Jonah Sutworth,55,Male
Crosby Arnold,55,Male
Fergus Guitel,56,Male
Micky Bushen,56,Male
Mayne Troake,56,Male
Hadleigh Mackiewicz,56,Male
Skippie Kiledal,57,Male
Whitman Denzilow,57,Male
Lin Heggman,57,Male
Cordy Raggatt,57,Male
Lou Pedden,57,Male
Darius Ingledew,58,Male
Tabby Martignon,58,Male
Erie Scotchford,58,Male
Linn Adam,59,Male
Forrest Dukelow,59,Male
Corney Aslet,59,Male
Giordano Meriet,59,Male
Eberhard Goter,59,Male
Adam Voak,59,Male
Kermit Camelli,60,Male
Drugi Pardey,60,Male
Yard Batch,60,Male
Michal Kellet,60,Male
Prent Challoner,60,Male
Darcy Stannas,60,Male
Jock Vedenisov,61,Male
Haley Monni,61,Male
Daryl Sango,61,Male
Maximo Alekseev,61,Male
Sig Bullas,62,Male
Ralph Brunke,62,Male
Sawyer Canto,63,Male
Jesus Gateman,63,Male
Keary Garrood,63,Male
Archaimbaud Fraanchyonok,63,Male
Sven Lemmer,63,Male
Tremayne Manilow,64,Male
Armin Popland,64,Male
Hurley Samter,64,Male
Garrett Wesgate,64,Male
Roman Game,65,Male
Dame Rampling,65,Male
Daven Rabbage,65,Male
Artemas Bedinn,65,Male
Derwin Bearham,65,Male
Tod Mercik,66,Male
Derk Le Pruvost,66,Male
Davide Baxter,66,Male
Graham Cumesky,67,Male
Bjorn Hurles,68,Male
Bevin Sueter,68,Male
Rocky Gradley,68,Male
Lucho Lalonde,68,Male
Edlin Flaonier,68,Male
Weston Greder,68,Male
Byram Wedderburn,68,Male
Iggie Rabbage,68,Male
Chase Lantuffe,69,Male
Claus Di Pietro,69,Male
Pattin Mate,69,Male
Vincenty Gabbatt,69,Male
Tulley Greenrodd,69,Male
Estevan Chatell,69,Male
Carlo Cyphus,69,Male
Currie Kneeland,69,Male
Des Mapes,69,Male
Courtnay De Winton,70,Male
Skippy Benoit,70,Male
Pail Absolom,70,Male
Hendrick Edrich,70,Male
Mylo Slocket,70,Male
Malvin Biesterfeld,71,Male
Walsh Abrahmson,71,Male
Esra Schuck,71,Male
Cy McHenry,71,Male
Grady Crosetti,71,Male
Reed Rigglesford,72,Male
Ewart Hamlen,72,Male
Ritchie McCart,72,Male
Steve Lorenzin,72,Male
Martie Suscens,72,Male
Curtice Bauser,72,Male
Bear Eslie,73,Male
Rickie Easman,73,Male
Lemmy Gorriessen,73,Male
Norby Yalden,73,Male
Damon Gooden,74,Male
Frederic Sprouls,74,Male
Cob Burch,74,Male
Jeth O'Luney,74,Male
Ezechiel Trundle,74,Male
Nicol Westmore,75,Male
Galvin Millwall,75,Male
Padraig Wagstaffe,75,Male
Vasili Barbara,75,Male
Abeu Bradtke,75,Male
Chandler Mioni,75,Male
Dall Brodnecke,76,Male
Brandyn Triggol,76,Male
Aldrich Nardrup,76,Male
Ugo Glyde,77,Male
Rickie Heinschke,77,Male
Vince Pauly,78,Male
Jecho Flaverty,78,Male
Walsh Giuroni,78,Male
Beltran Rigden,78,Male
Esteban Jirik,78,Male
Steve Elloit,79,Male
Stacy Muirden,79,Male
Gonzales Metzig,79,Male
Simon Leirmonth,79,Male
Homer Pawlaczyk,79,Male
Jarrod McRobbie,79,Male
Thatcher Guilleton,79,Male
Ezechiel Olive,80,Male
Farleigh Ing,80,Male
Tremayne Reeves,80,Male
Chaunce O'Fergus,80,Male
Lydon Jennens,81,Male
Heinrick Rankin,81,Male
Floyd Lusgdin,81,Male
Corty Coleby,81,Male
Lamont Mapledoore,81,Male
Carver Gittens,81,Male
Ezequiel Leiden,82,Male
Chadwick Izaks,82,Male
Kinny Mainds,82,Male
Hercule Dawdry,82,Male
Ellwood Stow,83,Male
Frederik Sallings,83,Male
Blair Doy,83,Male
Fredek Haveline,83,Male
Matt Kleinplac,83,Male
Gabriel Romaynes,83,Male
Chadd Penritt,83,Male
Avrom Taffie,83,Male
Moritz Piperley,83,Male
Granthem Goble,84,Male
Bryant Doubrava,84,Male
Fairfax Harly,84,Male
Ibrahim Holttom,85,Male
Quinton Gadeaux,85,Male
Paulie Paike,86,Male
Brnaba Lampkin,86,Male
Georgie Shailer,86,Male
Steward Fockes,86,Male
Jerrold Mandifield,86,Male
Merell Luetkemeyers,86,Male
Ambrose Feely,87,Male
Jephthah Van Dijk,87,Male
Giuseppe Prothero,88,Male
Salomone Klimpke,88,Male
Boyd Filov,89,Male
Esra Hanford,89,Male
Claudius Cobain,89,Male
Waite Whorall,89,Male
Jermayne Claypole,89,Male
Arlin Merrydew,89,Male
Burl Balducci,89,Male
Adolpho McNaught,90,Male
Ermin Walsham,90,Male
Tabbie Semon,90,Male
Harold Gainsford,90,Male
Joseito Janczyk,90,Male
Maxwell Karleman,90,Male
Tynan Rigden,90,Male
Vidovic Tallant,91,Male
Flinn Zarfati,91,Male
Darrin Waldren,91,Male
Gothart Jozaitis,91,Male
Konstantine Pesterfield,91,Male
Dru Lavis,91,Male
Greggory Borthe,92,Male
Gallard Issacson,92,Male
Yule Gyrgorwicx,92,Male
Chrotoem Duplain,92,Male
Penrod McGragh,93,Male
Hercule Volage,93,Male
Alejandro Nardrup,94,Male
Briano Abrey,94,Male
Wolfie Ablitt,94,Male
Kele Lockner,94,Male
Alberik Coytes,94,Male
Hobie Hudson,95,Male
Freedman Heaney,95,Male
Demetre Claworth,96,Male
Cobb Lazenby,96,Male
Fleming Barge,96,Male
Humbert Maciak,96,Male
Reese Skippon,96,Male
Hogan O'Day,97,Male
Mayne Jenkin,97,Male
Von Mostyn,97,Male
Lamond Attow,97,Male
Odell Keele,97,Male
Richard Allenby,97,Male
Waverly Randal,98,Male
Judd Jorcke,98,Male
Cole Pickover,98,Male
Son Minto,99,Male
Gregoor Domoni,99,Male
Odey Riggs,99,Male
Mark Toplin,99,Male
Isidor Upson,99,Male
Garreth Worsell,100,Male
Karlis Brantzen,100,Male
Fredrick MacPeice,100,Male
Mortimer Legges,100,Male
Nathanael Pavic,100,Male
Olimpia Ough,1,Female
Dodie Olle,1,Female
Modesty Bhatia,2,Female
Ruthi Hehl,2,Female
Inez Simonyi,2,Female
Amalea Ferriday,2,Female
Candi Ellwood,2,Female
Henka Lammers,2,Female
Olive Levecque,3,Female
Daisey Crocetti,3,Female
Rosana Kennerley,3,Female
Donni Iohananof,3,Female
Cahra MacCaughey,3,Female
Hildagard Amthor,3,Female
Minda Skett,3,Female
Delcina Hurl,4,Female
Dyann Birney,4,Female
Kit Brambley,4,Female
Ekaterina Althrop,4,Female
Jonis Plunket,4,Female
Danice Iveson,5,Female
Marena Leebetter,5,Female
Kerrin Zamboniari,5,Female
Halimeda Pert,5,Female
Tabitha Yellowlees,5,Female
Hana Hamly,5,Female
Bobbi Knaggs,5,Female
Bari Burgan,5,Female
Cristionna Wilce,5,Female
Karylin Patrono,5,Female
Mahalia Davis,6,Female
Maisey Skain,7,Female
Libby Benitez,8,Female
Ashley Tellesson,8,Female
Vanni Hackworthy,8,Female
Elyse Jenyns,9,Female
Jolyn Baldacchi,9,Female
Billye Tolemache,9,Female